{
    "dropping_time": 4.7084304680613126e-08,
    "curve_a": -1906906.394745603
}